date,time,user_prompt,function_name,function_args,function_response
2026-06-23,17:29:38,how does the calculator render results to the console?,get_files_info,{},"{'result': '- fulllorem.txt: file_size=31858 bytes, is_dir=False\n- .DS_Store: file_size=6148 bytes, is_dir=False\n- README.md: file_size=12 bytes, is_dir=False\n- lorem.txt: file_size=28 bytes, is_dir=False\n- tests.py: file_size=1342 bytes, is_dir=False\n- main.py: file_size=599 bytes, is_dir=False\n- pkg: file_size=224 bytes, is_dir=True'}"
2026-06-23,17:29:39,how does the calculator render results to the console?,get_file_content,{'file_path': 'main.py'},"{'result': '# main.py\n\nimport sys\nfrom pkg.calculator import Calculator\nfrom pkg.render import format_json_output\n\n\ndef main():\n    calculator = Calculator()\n    if len(sys.argv) <= 1:\n        print(""Calculator App"")\n        print(\'Usage: python main.py ""<expression>""\')\n        print(\'Example: python main.py ""3 + 5""\')\n        return\n\n    expression = "" "".join(sys.argv[1:])\n    try:\n        result = calculator.evaluate(expression)\n        to_print = format_json_output(expression, result)\n        print(to_print)\n    except Exception as e:\n        print(f""Error: {e}"")\n\n\nif __name__ == ""__main__"":\n    main()'}"
2026-06-23,17:29:40,how does the calculator render results to the console?,get_file_content,{'file_path': 'pkg/render.py'},"{'result': '# render.py\nimport json\n\n# Old version of the render. \ndef render(expression, result):\n    if isinstance(result, float) and result.is_integer():\n        result_str = str(int(result))\n    else:\n        result_str = str(result)\n\n    box_width = max(len(expression), len(result_str)) + 4\n\n    box = []\n    box.append(""┌"" + ""─"" * box_width + ""┐"")\n    box.append(\n        ""│"" + "" "" * 2 + expression + "" "" * (box_width - len(expression) - 2) + ""│""\n    )\n    box.append(""│"" + "" "" * box_width + ""│"")\n    box.append(""│"" + "" "" * 2 + ""="" + "" "" * (box_width - 3) + ""│"")\n    box.append(""│"" + "" "" * box_width + ""│"")\n    box.append(\n        ""│"" + "" "" * 2 + result_str + "" "" * (box_width - len(result_str) - 2) + ""│""\n    )\n    box.append(""└"" + ""─"" * box_width + ""┘"")\n    return ""\\n"".join(box)\n\n# New version of the rednder. \ndef format_json_output(expression: str, result: float, indent: int = 2) -> str:\n    if isinstance(result, float) and result.is_integer():\n        result_to_dump = int(result)\n    else:\n        result_to_dump = result\n\n    output_data = {\n        ""expression"": expression,\n        ""result"": result_to_dump,\n    }\n    return json.dumps(output_data, indent=indent)'}"
2026-06-24,12:28:01,how does the calculator render results to the console?,get_files_info,{},"{'result': '- fulllorem.txt: file_size=31858 bytes, is_dir=False\n- .DS_Store: file_size=6148 bytes, is_dir=False\n- README.md: file_size=12 bytes, is_dir=False\n- lorem.txt: file_size=28 bytes, is_dir=False\n- tests.py: file_size=1342 bytes, is_dir=False\n- main.py: file_size=599 bytes, is_dir=False\n- pkg: file_size=224 bytes, is_dir=True'}"
2026-06-24,12:28:01,how does the calculator render results to the console?,get_file_content,{'file_path': 'main.py'},"{'result': '# main.py\n\nimport sys\nfrom pkg.calculator import Calculator\nfrom pkg.render import format_json_output\n\n\ndef main():\n    calculator = Calculator()\n    if len(sys.argv) <= 1:\n        print(""Calculator App"")\n        print(\'Usage: python main.py ""<expression>""\')\n        print(\'Example: python main.py ""3 + 5""\')\n        return\n\n    expression = "" "".join(sys.argv[1:])\n    try:\n        result = calculator.evaluate(expression)\n        to_print = format_json_output(expression, result)\n        print(to_print)\n    except Exception as e:\n        print(f""Error: {e}"")\n\n\nif __name__ == ""__main__"":\n    main()'}"
2026-06-24,12:28:02,how does the calculator render results to the console?,get_file_content,{'file_path': 'pkg/render.py'},"{'result': '# render.py\nimport json\n\n# Old version of the render. \ndef render(expression, result):\n    if isinstance(result, float) and result.is_integer():\n        result_str = str(int(result))\n    else:\n        result_str = str(result)\n\n    box_width = max(len(expression), len(result_str)) + 4\n\n    box = []\n    box.append(""┌"" + ""─"" * box_width + ""┐"")\n    box.append(\n        ""│"" + "" "" * 2 + expression + "" "" * (box_width - len(expression) - 2) + ""│""\n    )\n    box.append(""│"" + "" "" * box_width + ""│"")\n    box.append(""│"" + "" "" * 2 + ""="" + "" "" * (box_width - 3) + ""│"")\n    box.append(""│"" + "" "" * box_width + ""│"")\n    box.append(\n        ""│"" + "" "" * 2 + result_str + "" "" * (box_width - len(result_str) - 2) + ""│""\n    )\n    box.append(""└"" + ""─"" * box_width + ""┘"")\n    return ""\\n"".join(box)\n\n# New version of the rednder. \ndef format_json_output(expression: str, result: float, indent: int = 2) -> str:\n    if isinstance(result, float) and result.is_integer():\n        result_to_dump = int(result)\n    else:\n        result_to_dump = result\n\n    output_data = {\n        ""expression"": expression,\n        ""result"": result_to_dump,\n    }\n    return json.dumps(output_data, indent=indent)'}"
2026-06-24,12:41:01,how does the calculator render results to the console?,get_files_info,{},"{'result': '- fulllorem.txt: file_size=31858 bytes, is_dir=False\n- .DS_Store: file_size=6148 bytes, is_dir=False\n- README.md: file_size=12 bytes, is_dir=False\n- lorem.txt: file_size=28 bytes, is_dir=False\n- tests.py: file_size=1342 bytes, is_dir=False\n- main.py: file_size=599 bytes, is_dir=False\n- pkg: file_size=224 bytes, is_dir=True'}"
2026-06-24,12:41:02,how does the calculator render results to the console?,get_file_content,{'file_path': 'main.py'},"{'result': '# main.py\n\nimport sys\nfrom pkg.calculator import Calculator\nfrom pkg.render import format_json_output\n\n\ndef main():\n    calculator = Calculator()\n    if len(sys.argv) <= 1:\n        print(""Calculator App"")\n        print(\'Usage: python main.py ""<expression>""\')\n        print(\'Example: python main.py ""3 + 5""\')\n        return\n\n    expression = "" "".join(sys.argv[1:])\n    try:\n        result = calculator.evaluate(expression)\n        to_print = format_json_output(expression, result)\n        print(to_print)\n    except Exception as e:\n        print(f""Error: {e}"")\n\n\nif __name__ == ""__main__"":\n    main()'}"
2026-06-24,12:41:02,how does the calculator render results to the console?,get_file_content,{'file_path': 'pkg/render.py'},"{'result': '# render.py\nimport json\n\n# Old version of the render. \ndef render(expression, result):\n    if isinstance(result, float) and result.is_integer():\n        result_str = str(int(result))\n    else:\n        result_str = str(result)\n\n    box_width = max(len(expression), len(result_str)) + 4\n\n    box = []\n    box.append(""┌"" + ""─"" * box_width + ""┐"")\n    box.append(\n        ""│"" + "" "" * 2 + expression + "" "" * (box_width - len(expression) - 2) + ""│""\n    )\n    box.append(""│"" + "" "" * box_width + ""│"")\n    box.append(""│"" + "" "" * 2 + ""="" + "" "" * (box_width - 3) + ""│"")\n    box.append(""│"" + "" "" * box_width + ""│"")\n    box.append(\n        ""│"" + "" "" * 2 + result_str + "" "" * (box_width - len(result_str) - 2) + ""│""\n    )\n    box.append(""└"" + ""─"" * box_width + ""┘"")\n    return ""\\n"".join(box)\n\n# New version of the rednder. \ndef format_json_output(expression: str, result: float, indent: int = 2) -> str:\n    if isinstance(result, float) and result.is_integer():\n        result_to_dump = int(result)\n    else:\n        result_to_dump = result\n\n    output_data = {\n        ""expression"": expression,\n        ""result"": result_to_dump,\n    }\n    return json.dumps(output_data, indent=indent)'}"
2026-06-24,13:23:10,how does the calculator render results to the console?,get_files_info,{},"{'result': '- fulllorem.txt: file_size=31858 bytes, is_dir=False\n- .DS_Store: file_size=6148 bytes, is_dir=False\n- README.md: file_size=12 bytes, is_dir=False\n- lorem.txt: file_size=28 bytes, is_dir=False\n- tests.py: file_size=1342 bytes, is_dir=False\n- main.py: file_size=599 bytes, is_dir=False\n- pkg: file_size=224 bytes, is_dir=True'}"
2026-06-24,13:23:11,how does the calculator render results to the console?,get_file_content,{'file_path': 'main.py'},"{'result': '# main.py\n\nimport sys\nfrom pkg.calculator import Calculator\nfrom pkg.render import format_json_output\n\n\ndef main():\n    calculator = Calculator()\n    if len(sys.argv) <= 1:\n        print(""Calculator App"")\n        print(\'Usage: python main.py ""<expression>""\')\n        print(\'Example: python main.py ""3 + 5""\')\n        return\n\n    expression = "" "".join(sys.argv[1:])\n    try:\n        result = calculator.evaluate(expression)\n        to_print = format_json_output(expression, result)\n        print(to_print)\n    except Exception as e:\n        print(f""Error: {e}"")\n\n\nif __name__ == ""__main__"":\n    main()'}"
2026-06-24,13:23:12,how does the calculator render results to the console?,get_file_content,{'file_path': 'pkg/render.py'},"{'result': '# render.py\nimport json\n\n# Old version of the render. \ndef render(expression, result):\n    if isinstance(result, float) and result.is_integer():\n        result_str = str(int(result))\n    else:\n        result_str = str(result)\n\n    box_width = max(len(expression), len(result_str)) + 4\n\n    box = []\n    box.append(""┌"" + ""─"" * box_width + ""┐"")\n    box.append(\n        ""│"" + "" "" * 2 + expression + "" "" * (box_width - len(expression) - 2) + ""│""\n    )\n    box.append(""│"" + "" "" * box_width + ""│"")\n    box.append(""│"" + "" "" * 2 + ""="" + "" "" * (box_width - 3) + ""│"")\n    box.append(""│"" + "" "" * box_width + ""│"")\n    box.append(\n        ""│"" + "" "" * 2 + result_str + "" "" * (box_width - len(result_str) - 2) + ""│""\n    )\n    box.append(""└"" + ""─"" * box_width + ""┘"")\n    return ""\\n"".join(box)\n\n# New version of the rednder. \ndef format_json_output(expression: str, result: float, indent: int = 2) -> str:\n    if isinstance(result, float) and result.is_integer():\n        result_to_dump = int(result)\n    else:\n        result_to_dump = result\n\n    output_data = {\n        ""expression"": expression,\n        ""result"": result_to_dump,\n    }\n    return json.dumps(output_data, indent=indent)'}"
